{"train/all_loss": 1.4366573415365644, "train/iou_loss": 0.41387723596875364, "train/dfl_loss": 0.26353638424651615, "train/cls_loss": 0.7592437213212947, "metrics/mAP_0.5": 0, "metrics/mAP_0.5:0.95": 0, "_timestamp": 1702848009.14562, "_runtime": 16684.73182606697, "_step": 49, "_wandb": {"runtime": 16692}}