{"acc": 0.8299767522294396, "loss": 0.1072988031074271, "_timestamp": 1702739004.5359435, "_runtime": 4.481689453125, "_step": 7, "_wandb": {"runtime": 2}}