{"train/all_loss": 0.5900278091430664, "train/seg_loss": 0.5900278091430664, "_timestamp": 1702861162.6563275, "_runtime": 9689.31533241272, "_step": 50, "_wandb": {"runtime": 9806}}